Motorbike, Color, Kilometers, Year 
HONDA S-WING 125,,20.6,2008
HONDA SCOOPY SH125i Sport TopBox,BLANCO,17.7,2012
HONDA SCOOPY SH125i Disco,BLANCO,"Km:
                    -
                ",2010
HONDA PCX 125,BLANCO,15.2,2014
HONDA Vision 110 ,Blanco,6.2,2014
HONDA Forza 125,Negro,1.8,2017
HONDA Passion 125i,BLANCA,19.0,2010
HONDA Forza 125,,"Km:
                    -
                ",2018
HONDA Forza 125,NEGRO,203,2018
HONDA SCOOPY SH125i ABS,plata,400,2018
HONDA SH Mode 125,BLANCO,13.6,2014
HONDA SCOOPY SH125i,,42.8,2011
HONDA S-WING 125,,37.0,2009
HONDA Vision 110 ,PLATA,8.5,2016
HONDA SCOOPY SH125,Gris,48.5,2005
HONDA SCOOPY SH125i Confort Bitono ,Negro,52.3,2005
HONDA Forza 125,gris,1,2017
HONDA SCOOPY 100,,40.0,1997
HONDA Forza 125,gris,18.3,2016
HONDA Vision 110,BLANCO,304,2018
HONDA SCOOPY SH125i,Azul,23.0,2010
HONDA SCOOPY 100,Amarillo,11.4,1998
HONDA Lead 110,NEGRA,91.3,2008
HONDA DYLAN 125 ,Negro,44.0,2007
HONDA S-WING 125 Top Box,,39.2,2011
HONDA SCOOPY SH125i,negro,35.8,2008
ABS,Negro,9.1,2017
HONDA SH Mode 125,blanco,3.6,2016
HONDA SCOOPY SH125i ABS,BLANCO,10.1,2015
HONDA PCX 125,ROJO,10.0,2017
HONDA Forza 125,VARIOS,6,2017
HONDA Forza 125,negro,6.0,2017
HONDA Forza 125,blanco,13.5,2015
HONDA SCOOPY SH125,,49.7,2006
HONDA SCOOPY SH125i ABS Top Box,negro,2.5,2018
HONDA SCOOPY SH125i Sport TopBox,BLANCO,17.7,2012
HONDA SCOOPY SH125i,Negra,45.0,2010
ABS,Plata,2.3,2018
HONDA PCX 125,Blanca,7.3,2014
HONDA Passion 125i,GRIS,17.6,2008
HONDA Forza 125,,33.8,2015
HONDA PCX 125 ,,13.3,2015
HONDA Monkey 125,Rojo,991,2018
HONDA SCOOPY SH125i,NEGRA,"Km:
                    -
                ",2009
HONDA SCOOPY SH125i,AMARILLA,32.0,2009
HONDA SCOOPY SH125,NEGRA,50.0,2004
HONDA SCOOPY 75,AZUL,33.0,1994
HONDA Vision 110,BLANCO,21.6,2016
HONDA SH125i,TODOS,1,2018
HONDA S-WING 125,,10.0,2012
HONDA Vision,Blanca,700,2018
HONDA SCOOPY SH125i ABS,,"Km:
                    -
                ",2018
HONDA DYLAN 125,Granate,27.4,2006
HONDA Forza 125,,"Km:
                    -
                ",2018
HONDA Forza 125,,2.2,2018
HONDA Vision 110,gris,8.0,2011
HONDA SCOOPY 100,,50.0,2003
HONDA DYLAN 125,,71.0,2005
HONDA Vision 75,,11.5,1990
HONDA PCX 125,,45.4,2016
HONDA SCOOPY 100,VERDE,47.4,2000
HONDA PCX 125,,"Km:
                    -
                ",2017
HONDA SCOOPY SH125i ABS Top Box,gris,21.0,2016
HONDA Forza 125,,"Km:
                    -
                ",2018
HONDA Forza 125,NEGRO,17.0,2017
HONDA PCX 125,,"Km:
                    -
                ",2018
HONDA PCX 125,BLANCO,15.2,2014
HONDA SCOOPY SH125i ,Amarillo,45.0,2009
HONDA S-WING 125,,47.0,2009
HONDA SCOOPY 100,AZUL,13.1,2000
HONDA Vision 110,BLANCA,55.0,2012
HONDA SCOOPY SH125i,Blanco,46.0,2007
HONDA Forza 125,todos,1,2018
HONDA Forza 125,PLATA,24.8,2015
HONDA PCX 125,Blanco,17.0,2016
HONDA SCOOPY SH125,negro,"Km:
                    -
                ",2006
HONDA Forza 125,TODOS,"Km:
                    -
                ",2018
HONDA SCOOPY SH125,gris,54.4,2005
HONDA SCOOPY SH125 ,NEGRO,32.0,2004
HONDA Forza 125,azul,2.0,2018
HONDA PCX 125,NEGRO,1,2017
HONDA PCX 125,,20.5,2014
HONDA PCX 125 ,Gris,14.6,2015
HONDA SCOOPY SH125,negro,26.0,2006
HONDA PCX 125,,24.8,2011
HONDA SH Mode 125,,"Km:
                    -
                ",2018
HONDA SCOOPY SH125,,55.0,2007
HONDA Forza 125,Negro,"Km:
                    -
                ",2018
HONDA Vision,,"Km:
                    -
                ",2018
HONDA Forza 125,NEGRO,1,2017
ABS,Blanco,"Km:
                    -
                ",2017
HONDA SH Mode 125,Blanco,1,2016
HONDA FES 125 Pantheon,Negro,18.0,2005
HONDA PCX 125,blanco,1,2018
HONDA PCX 125 ,NEGRO,37.2,2010
HONDA PCX 125,blanco,26.0,2014
HONDA @ 125,GRIS,17.9,2001
ABS,,2.9,2017
HONDA PCX 125,BLANCO,11.0,2011
HONDA PCX 125,GRIS,11.1,2014
HONDA SH125i,todos,1,2018
HONDA Forza 125,Blanca,23.8,2015
HONDA Forza 125,,26.0,2015
HONDA Forza 125,Gris,640,2017
HONDA Forza 125,VARIOS,"Km:
                    -
                ",2018
HONDA PCX 125,,"Km:
                    -
                ",2017
HONDA PCX 125,Blanca,"Km:
                    -
                ",2017
HONDA SCOOPY SH125i,,28.9,2008
HONDA Forza 125,NEGRO,5.8,2016
HONDA PCX 125,,"Km:
                    -
                ",2018
HONDA SH125i,,2.0,2016
HONDA Lead 110,Gris,43.0,2010
HONDA SCOOPY SH125,negro,33.0,2005
HONDA Passion 125i,ROJO,32.0,2007
HONDA Passion 125i,PLATA,58.0,2007
HONDA Passion 125i,GRIS,34.0,2008
HONDA Passion 125i,NEGRA,45.0,2008
HONDA Passion 125i,BLANCA,19.0,2010
HONDA PANTHEON 125,PLATA,52.0,2005
HONDA FES 125 Pantheon,GRIS,7.0,2005
HONDA Lead 110,BLANCA,31.0,2012
HONDA FES 125 Pantheon,PLATA,38.0,2006
HONDA SH Mode 125,rojo,4.1,2016
HONDA Forza 125,negro,2.3,2018
HONDA SCOOPY SH125i ABS,negro,2.8,2018
HONDA Vision,ROJO,2.4,2018
HONDA Forza 125,NEGRO,12.7,2017
HONDA DYLAN 125 ,gris,42.0,2006
HONDA SCOOPY SH125i,NEGRO,62.0,2007
HONDA SCOOPY SH125i,,28.0,2008
HONDA PCX 125,,2.3,2014
HONDA Forza 125 ,negro,17.0,2015
HONDA DYLAN 125,NEGRO,39.5,2004
HONDA Vision,VARIOS,"Km:
                    -
                ",2015
HONDA Forza 125,NEGRO,12.8,2018
HONDA SCOOPY SH125i ABS,BLANCO,380,2017
HONDA Vision 110,,13.0,2014
HONDA SH Mode 125,blanca,4.4,2013
HONDA SCOOPY SH125i Disco ,blanco,28.0,2010
HONDA SCOOPY SH125i Sport TopBox,BLANCO,30.0,2007
HONDA DYLAN 125,negro,17.7,2012
HONDA DYLAN 125,negra,30.0,2008
HONDA SCOOPY SH125,NEGRO,45.0,2007
HONDA PCX 125,cheque,"Km:
                    -
                ",2018
HONDA Passion 125 I.E.,Negro,21.0,2008
HONDA SCOOPY SH125i CBS,BLANCO,62.0,2014
HONDA SCOOPY SH125i Disco,BLANCO,"Km:
                    -
                ",2010
HONDA Vision,todos,1,2018
HONDA Forza 125,BLANCO,10.1,2017
HONDA PCX 125,GRAFITO,5.1,2016
HONDA Forza 125,TODOS,"Km:
                    -
                ",2018
HONDA SCOOPY 75,VERDE,30.0,1995
HONDA DYLAN 125,AZUL,34.0,2005
HONDA Forza 125,,"Km:
                    -
                ",2018
HONDA Vision,CONSULTAR,19,2017
HONDA PCX 125,gris,6.9,2014
HONDA Forza 125,,"Km:
                    -
                ",2018
HONDA SCOOPY SH125i Confort Disco Top Box,NEGRA,28.0,2010
HONDA S-WING 125 C-ABS,,38.7,2008
HONDA SCOOPY SH125i ABS,CONSULTAR,12,2017
HONDA PCX 125,Rojo,12.0,2017
HONDA SCOOPY SH125i,Blanca,5.4,2012
HONDA Vision,,640,2017
HONDA DYLAN 125,negra,40.0,2007
ABS,,1.9,2018
HONDA Vision 110,negro,8.0,2015
HONDA Vision 110,,12.0,2014
HONDA Forza 125,negro,7.0,2016
HONDA DYLAN 125,plata,39.0,2007
HONDA Passion 125i,,15.5,2011
HONDA DYLAN 125,PLATA,40.0,2006
HONDA SCOOPY SH125i ABS,Negra,8.0,2017
ABS,Rojo,420,2017
HONDA Forza 125,BLANCO,7.1,2017
HONDA SH Mode 125,,"Km:
                    -
                ",2018
HONDA Forza 125,BLANCO,10.0,2015
HONDA SCOOPY SH125i ABS,,"Km:
                    -
                ",2018
HONDA DYLAN 125,,69.4,2005
HONDA PCX 125,GRIS,2.2,2016
HONDA Forza 125,Negro,"Km:
                    -
                ",2018
HONDA DYLAN 125,Negro,54.0,2004
HONDA Passion 125i,BLANCA,37.0,2009
HONDA Forza 125,BLANCA,14.0,2016
HONDA Vision,Blanco,1,2017
HONDA S-WING 125,,33.6,2007
HONDA PCX 125,BLANCO,7.1,2016
HONDA PCX 125,,953,2018
HONDA PCX 125,TODOS,"Km:
                    -
                ",2018
HONDA SCOOPY SH125i ABS Top Box,,2.4,2016
HONDA FES 125 Pantheon,Negra,47.0,2006
HONDA Forza 125,BLUE,8.0,2017
HONDA SCOOPY SH125,NEBRO,61.4,2004
HONDA SH Mode 125,negro,4.0,2015
HONDA DYLAN 125,AZUL,45.0,2005
HONDA Lead 100,NEGRA,20.2,2011
HONDA SCOOPY 100 ,,29.0,2004
HONDA Vision,,8.5,2017
HONDA DYLAN 125,azul,"Km:
                    -
                ",2007
HONDA PCX 125 ,,1.6,2018
HONDA Forza 125,,1,2016
HONDA SCOOPY SH125i ABS,ROJO,12.1,2016
HONDA SCOOPY SH125i,negra,22.0,2011
HONDA Forza 125,blanco,8.0,2015
HONDA PCX 125 ,,20.0,2015
HONDA SCOOPY SH125i,Negro,48.0,2009
HONDA S-WING 125,gris,8.2,2009
HONDA Forza 125 ,,600,2018
HONDA @ 125,,"Km:
                    -
                ",2007
HONDA PCX 125,Negra,53.0,2018
HONDA Forza 125,NEGRO,"Km:
                    -
                ",2018
HONDA SCOOPY SH125i ABS,Todos,"Km:
                    -
                ",2018
HONDA Vision 110,Blanco,11.2,2016
HONDA SCOOPY SH125i ABS,,54.9,2013
HONDA Passion 125i,Negra,30.0,2010
HONDA SCOOPY SH125i ABS ,Gris,23.6,2014
HONDA SH125i,,600,2018
HONDA SH Mode 125,,9.0,2014
HONDA PCX 125,negro,5.7,2016
HONDA SH Mode 125,BLANCO,13.6,2014
HONDA SH Mode 125 ,Blanca,1.8,2016
HONDA SCOOPY SH125i ABS Top Box,Blanco,1.2,2018
HONDA Lead 100 ,,30.0,2008
HONDA SCOOPY SH125,Negro,42.0,2003
HONDA Forza 125,VARIOS,"Km:
                    -
                ",2017
HONDA PCX 125 ,,31.6,2014
HONDA SCOOPY SH125i ,Negro,13.0,2008
HONDA SCOOPY SH125i ABS ,Blanca,4.2,2018
HONDA Lead 100,,46.5,2004
HONDA PCX 125,blanco,2.5,2012
HONDA Forza 125,BLANCO,3.6,2017
HONDA SH Mode 125,todos,1,2018
HONDA @ 125 ,,73.0,2007
HONDA PCX 125,,1,2018
HONDA Forza 125 ,,12.0,2015
HONDA PCX 125,negro,17.2,2011
HONDA PCX 125,,"Km:
                    -
                ",2018
HONDA Passion 125i,negro,30.0,2010
HONDA SCOOPY SH125,,28.7,2004
HONDA Lead 110,blanca,45.8,2008
HONDA SCOOPY SH125i,,24.0,2008
HONDA SCOOPY SH125i,,17.0,2011
HONDA SCOOPY SH125i Sport ,negro,40.5,2008
HONDA PCX 125,gris,25.4,2006
HONDA DYLAN 125,GRIS,1.3,2018
HONDA DYLAN 125,,50.0,2003
HONDA SCOOPY SH125,,35.0,2005
HONDA Passion 125 I.E.,Negro,6.0,2007
HONDA Vision,todos,"Km:
                    -
                ",2013
HONDA SH Mode 125,Negra,1,2018
HONDA S-WING 125 ABS,,17.4,2007
HONDA SCOOPY 100,Negra,24.0,2003
HONDA SCOOPY 100 ,Plata,25.3,1999
HONDA Vision 110,,3.3,2015
HONDA Forza 125,,"Km:
                    -
                ",2018
HONDA Forza 125,Gris,5.9,2015
HONDA SCOOPY SH125i ABS ,negro,9.7,2013
HONDA PCX 125,NEGRO,"Km:
                    -
                ",2018
HONDA Lead 110,Blanco,24.7,2010
HONDA Lead 110,,27.2,2011
HONDA PCX 125,NEGRO,1,2018
HONDA SCOOPY SH125i ABS Top Box,GRIS,13.9,2016
ABS,,20.0,2016
HONDA SCOOPY SH125i ABS,,"Km:
                    -
                ",2017
HONDA ST 70 DAX,azul,1.2,1981
HONDA PCX 125,,"Km:
                    -
                ",2018
HONDA Vision 110,GRIS,"Km:
                    -
                ",2018
HONDA Forza 125,,15.0,2017
HONDA Forza 125 ,negro,4.0,2012
HONDA PCX 125,,"Km:
                    -
                ",2018
HONDA PCX 125,,1.0,2017
HONDA SCOOPY SH125,Gris,22.9,2007
HONDA SCOOPY SH125,Gris,42.0,2003
HONDA SCOOPY SH125,Gris,58.0,2005
HONDA SCOOPY SH125i Confort Disco Top Box,GRIS,33.6,2010
HONDA PCX 125,Gris,28.0,2014
HONDA SCOOPY 75 ,Blanca,35.0,1997
HONDA SCOOPY SH125i ,Negra,52.0,2007
HONDA Vision,ROJO,2.6,2017
HONDA SCV 100 LEAD,Gris,31.0,2005
HONDA ST 70 DAX,,13.0,1993
HONDA PCX 125 ,Negro,9.4,2013
HONDA SH Mode 125,Rojo,1,2016
HONDA SCOOPY SH125i,blanca,55.0,2009
HONDA Forza 125,,6.0,2018
HONDA FES 125 Pantheon,,35.5,2004
HONDA Forza 125,Blanco,11.2,2016
HONDA SCOOPY 75 ,Rojo,1,1990
HONDA SCOOPY SH125,NEGRO,28.0,2007
HONDA PCX 125,,18.2,2010
HONDA SCOOPY SH125i,BLANCO,9.4,2011
HONDA Passion 125 I.E.,NEGRO,41.6,2008
HONDA PCX 125,Rojo,1.0,2018
HONDA PCX 125,TODOS,"Km:
                    -
                ",2017
HONDA Cub 90cc,TRICOLOR,100,1992
HONDA Forza 125,,186,2017
HONDA SH Mode 125,negro,2,2017
HONDA SCOOPY SH125,Negro,17.0,2006
HONDA @ 125,,53.0,2006
HONDA SCOOPY SH125i CBS ,Negro,9.0,2015
HONDA PCX 125,Rojo,1,2018
HONDA SCOOPY SH125i Sport TopBox,BLANCO,17.7,2012
HONDA PCX 125,Negro,3.7,2011
HONDA SCOOPY SH125i ,,26.0,2011
HONDA @ 125,,17.7,2007
HONDA SH Mode 125,BLANCO,3.6,2016
HONDA @ 125,,53.0,2006
HONDA Forza 125,,"Km:
                    -
                ",2017
HONDA SCOOPY 75,BLANCO,43.0,1989
HONDA SH Mode 125,BLANCO,13.6,2017
HONDA SCOOPY SH125i CBS,,"Km:
                    -
                ",2014
HONDA PCX 125 ,,28.1,2012
HONDA S-WING 125,,27.4,2008
HONDA @ 125,gris,20.6,2010
HONDA SCOOPY SH125i,NEGRO,28.6,2008
HONDA FES 125 Pantheon,azul,64.0,2007
HONDA @ 125,,21.2,2006
HONDA Forza 125,BLANCA,5.3,2016
HONDA PCX 125,,3.0,2017
HONDA PCX 125,,27.0,2012
HONDA PCX 125 ,Gris,16.1,2013
HONDA PCX 125,rojo,4.7,2016
HONDA PCX 125,BLANCO,9.0,2012
HONDA PCX 125 ,negro,16.0,2014
HONDA SCOOPY SH125i,negro,33.0,2012
HONDA SCOOPY SH125i,,39.0,2008
HONDA DYLAN 125 ,Rojo,39.0,2007
HONDA DYLAN 125,PLATA,50.0,2004
HONDA SCOOPY SH125i ,negro,37.0,2014
HONDA PCX 125,,29.0,2011
HONDA Lead 100,Azul,20.2,2006
HONDA Passion 125 I.E.,Plata,44.0,2007
HONDA SCOOPY SH125i,Plata,17.5,2010
HONDA Lead 110,ROJA,26.7,2012
HONDA SH Mode 125,negro,7.4,2015
HONDA DYLAN 125,,32.0,2007
HONDA Passion 125 I.E.,,63.0,2006
HONDA Forza 125,,19.5,2014
HONDA @ 125 ,Negra,45.0,2009
HONDA @ 125,,59.0,2008
HONDA S-WING 125 ,negro,16.8,2008
HONDA SCOOPY SH125i,Negro,26.3,2009
HONDA Lead 110,,67.6,2008
HONDA Forza 125 ,BLANCA,3.6,2016
HONDA PCX 125,Negro,24.0,2012
HONDA SCOOPY SH125i,Blanco,17.3,2011
HONDA SCOOPY SH125i Sport TopBox,Blanca,38.0,2012
HONDA SCOOPY SH125i,Negro,12.8,2011
HONDA FES 125 Pantheon ,plata,37.0,2007
HONDA DYLAN 125,Negro,16.0,2003
HONDA PCX 125 ,,17.0,2014
HONDA Forza 125,negra,8.3,2017
HONDA SCOOPY SH125,,35.7,2005
HONDA PCX 125 ,,6.0,2014
HONDA PCX 125,blanco,10.1,2016
HONDA SCOOPY SH125i ,blanca,15.0,2008
HONDA SCOOPY SH125i,,28.2,2010
HONDA SCOOPY SH125i Disco ,gris,79.0,2007
HONDA @ 125,Repsol,23.5,2006
HONDA PCX 125,,16.0,2014
HONDA DYLAN 125 ,NEGRO,12.7,2010
HONDA PCX 125 ,BLANCO,45.0,2007
HONDA Lead 100 ,Plata,42.0,2005
HONDA PCX 125,,4.9,2018
ABS,Blanco,"Km:
                    -
                ",2018
HONDA PCX 125 ,,3.2,2014
HONDA SCOOPY SH125i CBS,blanco,33.0,2013
HONDA SCOOPY SH125i Confort Disco Top Box ,blanco,15.9,2009
HONDA PCX 125 ,,5.5,2014
HONDA Forza 125,gris,1.3,2017
HONDA PCX 125 ,Negro,6.0,2014
HONDA SCOOPY SH125,,39.0,2006
HONDA SCOOPY SH125i ,negro,60.0,2006
HONDA Passion 125 I.E. ,Negro,27.0,2008
HONDA @ 125,Granate,49.9,2006
HONDA S-WING 125,negro,45.0,2010
HONDA PCX 125,Negro,22.0,2011
HONDA SCOOPY SH125i ABS,Blanca,1.3,2018
HONDA SCOOPY SH125,,49.9,2006
HONDA @ 125 ,negro,31.0,2008
HONDA @ 125,,42.0,2005
HONDA Passion 125 I.E. ,Gris,25.0,2007
HONDA PCX 125,Blanco,22.0,2015
HONDA DYLAN 125 ,,29.9,2006
HONDA PCX 125,,9.6,2014
HONDA PCX 125 ,negro,3.0,2017
HONDA @ 125,blanco,5.5,2012
HONDA PCX 125 ,Blanco,11.5,2017
HONDA PCX 125,rojo,700,2018
HONDA S-WING 125 ,Negro,25.0,2010
HONDA SCOOPY 100,VERDE,55.0,1998
HONDA Lead 110,Rojo,27.8,2007
HONDA SCOOPY SH125i,Negro,45.0,1997
HONDA SCOOPY 100,Azul,39.0,2010
HONDA PCX 125,Rojo,12.0,2014
HONDA Forza 125 ,Negro,1.1,2017
HONDA SCOOPY SH125 Confort ,Crema,61.9,2007
HONDA PCX 125 ,,2.1,2017
HONDA @ 125 ,,55.0,2006
HONDA Passion 125i,,27.0,2015
HONDA SCOOPY SH125i CBS ,blanco,47.0,2012
HONDA Forza 125,,13.3,2017
HONDA SCOOPY SH125i ABS,,850,2017
HONDA SH125i,,1.2,2018
HONDA ST 70 DAX,,32.0,1987
HONDA SCOOPY 100,,39.0,2006
HONDA Shadow 90,,23.0,1999
HONDA Yupi 90,negro,56.0,1991
HONDA PCX 125,blanco,9.5,2011
HONDA DYLAN 125 ,,23.0,2007
HONDA SCOOPY SH125i CBS,Blanco,2.7,2017
HONDA Forza 125,,6.5,2016
HONDA SCOOPY SH125i ABS,,32.0,2014
HONDA SCOOPY SH125i ABS,,5.5,2001
HONDA SCOOPY 100,,37.0,2013
HONDA SCOOPY 100,verde,48.6,1998
HONDA @ 125,Blanco,132.0,2012
HONDA Lead 110,,31.5,2008
HONDA Vision 110 ,Gris,5.2,2017
HONDA Vision 110,Gris,1.6,2013
HONDA PCX 125,blanco,7.2,2017
HONDA @ 125,blanca,67.0,2009
HONDA SCOOPY SH125i,gris,38.0,2007
HONDA SH Mode 125,,4.0,2014
HONDA SCOOPY SH125i ABS ,Gris,37.0,2013
HONDA Forza 125,blanco,14.3,2015
HONDA Vision 110,Blanco,500,2018
HONDA SCOOPY 100 ,,57.0,1998
HONDA Lead 100,gris,40.0,2006
HONDA Passion 125i ,Gris,24.0,2009
HONDA SCOOPY 100,negro,41.4,2001
HONDA Forza 125,,4.8,2018
HONDA SCOOPY SH125i,blanco,6.5,2012
HONDA SH Mode 125 ,NEGRO,2.5,2017
HONDA SCOOPY 100,gris,36.0,1998
HONDA SH125i,,46.0,2012
HONDA SCOOPY SH125i,,46.0,2012
HONDA SCOOPY 100 ,azul,9.4,2012
HONDA PCX 125,,16.0,2002
HONDA SCOOPY SH125,NEGRO,47.0,2005
HONDA SCOOPY SH125i CBS,,6.0,2017
HONDA Vision 110 ,Negro,10.0,2015
HONDA Vision 110,,6.8,2014
HONDA Passion 125i,,57.0,2011
HONDA Passion 125 I.E.,Gris,47.0,2008
HONDA Vision,REPSOL,4.7,2013
HONDA PCX 125,Blanca,4.9,2016
HONDA PCX 125,,32.0,2012
HONDA SCOOPY SH125i ABS Top Box ,rojo,5.0,2016
HONDA Monkey 125,negra,970,2018
HONDA SCOOPY 100 ,Blanca,19.7,1999
HONDA SCOOPY SH125 Confort,,29.0,2014
HONDA Lead 100,,12.5,2006
HONDA SCOOPY SH125i ,Negro,32.0,2009
HONDA BALI SJ 100,Negra,14.5,2000
HONDA Passion 125i,NEGRO,22.8,2011
HONDA Lead 100,,52.0,2005
HONDA @ 125,negro,2.0,2001
HONDA Lead 110,,43.0,2010
HONDA Forza 125,Blanca,200,2018
HONDA PCX 125 ,Negro,9.0,2014
HONDA SH125i,negro,31.0,2012
HONDA S-WING 125 ,Negro,9.4,2011
HONDA SCOOPY SH125i,,38.7,2012
HONDA @ 125 ,Gris,22.0,2002
HONDA BALI SJ 100,gris,20.0,1997
HONDA Vision 110 ,NEGRO,42.8,2015
HONDA Forza 125,,2.3,2017
HONDA Passion 125i,negro,33.2,2011
HONDA SH Mode 125,,39.0,2009
HONDA Forza 125,negro,1.3,2018
HONDA Vision ,Blanco,4.5,2017
HONDA Passion 125 I.E.,Negro,37.0,2011
HONDA SCOOPY SH125i,,43.6,2007
HONDA SCOOPY 75,,30.0,1988
HONDA SCOOPY 75,azul,24.0,1991
HONDA Passion 125i ,gris,9.2,2011
HONDA SCOOPY SH125i ,blanco,23.0,2010
HONDA Passion 125 I.E.,Rojo,18.0,2007
HONDA Forza 125 ,Negro,6.0,2017
HONDA SCOOPY 100,blanco,15.0,2000
HONDA PANTHEON 125 ,negro,36.0,2006
HONDA Passion 125 I.E.,blanco,38.0,2008
HONDA Lead 100,gris,39.0,2004
HONDA PCX 125,Blanco,18.1,2010
HONDA SCOOPY SH125i ABS,,15.3,2016
HONDA S-WING 125 ,GRIS,34.0,2008
HONDA SCOOPY SH125 ,Granate,30.0,2002
HONDA @ 125,,"Km:
                    -
                ",2010
HONDA SCOOPY SH125,,52.0,2005
HONDA Passion 125i,,29.0,2010
HONDA DYLAN 125,Plata,40.6,2007
HONDA S-WING 125,negro,40.5,2011
HONDA SCOOPY SH125i,plata,30.0,2009
HONDA PCX 125,Blanco,12.0,2013
HONDA SCOOPY 75 ,Gris,34.0,1994
HONDA Lead 110,,10.0,2010
HONDA FES 125 Pantheon ,gris,56.5,2006
HONDA Vision 75,crema,40.0,1993
HONDA Passion 125 I.E. ,blanco,50.0,2008
HONDA SCOOPY 100,negro,19.7,1999
HONDA Passion 125i ,negro,41.0,2008
HONDA SCOOPY SH125i ABS ,Blanco,18.5,2013
HONDA S-WING 125,Plata,18.9,2007
HONDA SCOOPY 75,,26.0,1992
HONDA Forza 125 ,Blanco,4.4,2016
HONDA SCOOPY SH125i ABS ,ROJO,21.0,2014
HONDA SCOOPY 100 ,Gris,32.0,2000
HONDA Passion 125 I.E.,,13.0,2008
HONDA SCOOPY 75 ,,50.0,1992
HONDA Cub 90cc,Blanco,1.5,1990
HONDA DYLAN 125,,65.0,2007
HONDA SH125i,negro,100,2018
HONDA PCX 125,,4.9,2015
HONDA SH Mode 125 ,blanca,4.0,2017
HONDA DYLAN 125,,18.0,2002
HONDA FES 125 Pantheon ,ROJO,60.0,2001
HONDA SCOOPY SH125,,56.7,2006
HONDA Forza 125,,6.7,2017
HONDA SCOOPY SH125i ABS,,14.0,2015
HONDA SH125i,,15.0,2015
HONDA Forza 125 ,azuly,550,2017
HONDA SCOOPY SH125i ABS,Blanco,4.5,2017
HONDA Lead 100,rojo,26.8,2005
HONDA PCX 125,negro,9.5,2014
HONDA SCOOPY SH125 Confort,Negro,22.0,2012
HONDA SCOOPY SH125i,Negro,2.1,2012
HONDA @ 125,,50.0,2006
HONDA SCOOPY SH125i ABS,negra,8.7,2017
HONDA PCX 125,,3.2,2017
HONDA Lead 110,Blanca,2.4,2010
HONDA PCX 125,,2.4,2017
HONDA SCOOPY 100,negro,32.0,2002
HONDA PCX 125,Blanco,9.5,2018
ABS,Blanca,3.7,2015
HONDA FES 125 Pantheon,,29.6,2006
HONDA @ 125,,35.0,2006
HONDA Forza 125,,8.0,2017
HONDA PCX 125,,25.0,2014
HONDA SH Mode 125,ROSA,7.0,2014
HONDA Innova 125,,12.0,2003
HONDA DYLAN 125,negra,48.0,2006
HONDA SCOOPY SH125i ABS,blanca,4.0,2018
HONDA SCOOPY SH125i,,9.8,2011
HONDA SCOOPY 100,Negro,20.0,1997
HONDA @ 125,,16.0,2007
HONDA SCOOPY SH125i ABS,Grana,1.1,2017
HONDA SCOOPY 100,,1.0,2000
HONDA PCX 125,,29.0,2010
HONDA @ 125,negro,3.2,2016
HONDA @ 125,,12.0,2017
HONDA SCOOPY SH125i ABS,,5.0,2016
HONDA SCOOPY 100,negro,35.2,1999
HONDA @ 125,,32.0,2012
HONDA PCX 125,blanco,12,2018
HONDA SCOOPY SH125i,,7.4,2009
HONDA S-WING 125 C-ABS,,12.5,2011
HONDA Passion 125 I.E.,blanco,14.0,2008
HONDA SCOOPY SH125i,Negro,40.0,2013
HONDA @ 125,azul,39.0,1995
HONDA SCOOPY 100,,4.5,1997
HONDA PANTHEON 125 ,,23.0,2001
HONDA S-WING 125 Top Box,NEGRO,31.5,2011
HONDA SCOOPY SH125i,,1.4,2015
HONDA S-WING 125,Blanco,52.0,2011
HONDA PCX 125,,6.0,2017
HONDA SCOOPY SH125i,blanca,36.0,2010
HONDA PCX 125 ,negra,25.0,2012
HONDA Forza 125,negro,11.3,2016
HONDA Passion 125i,negro,33.0,2011
HONDA PCX 125,negro,8.8,2015
HONDA Passion 125i Sport,negro,18.4,2009
HONDA @ 125,,150.0,2008
HONDA @ 125 ,Roja,47.0,2012
HONDA SH Mode 125,,1.3,2018
